Code;Channel Quality;BER;Total Bytes;Total Byte Errors;Total blocks;Average Errors per Block
Reed Solomon;GOOD;0,0003;354960;838;1392;0,6020114942528736
Reed Solomon;MEDIUM;0,002;354960;5586;1392;4,012931034482759
Reed Solomon;BAD;0,02;354960;53043;1392;38,105603448275865
Reed Solomon;GOOD;0,0003;360570;909;1414;0,6428571428571429
Reed Solomon;MEDIUM;0,002;360570;5584;1414;3,949080622347949
Reed Solomon;BAD;0,02;360570;53989;1414;38,18175388967468
Reed Solomon;GOOD;0,0003;382245;904;1499;0,6030687124749833
Reed Solomon;MEDIUM;0,002;382245;6118;1499;4,081387591727818
Reed Solomon;BAD;0,02;382245;56771;1499;37,872581721147434
Reed Solomon;GOOD;0,0003;354960;833;1392;0,5984195402298851
Reed Solomon;MEDIUM;0,002;354960;5610;1392;4,030172413793103
Reed Solomon;BAD;0,02;354960;53301;1392;38,29094827586207
Reed Solomon;GOOD;0,0003;354960;892;1392;0,6408045977011494
Reed Solomon;GOOD;0,0003;354960;868;1392;0,6235632183908046
Reed Solomon;MEDIUM;0,002;354960;5610;1392;4,030172413793103
Reed Solomon;BAD;0,02;354960;53251;1392;38,25502873563219
Reed Solomon;BAD;0,02;354960;52840;1392;37,95977011494253
Reed Solomon;BAD;0,02;354960;52874;1392;37,98419540229885
Reed Solomon;BAD;0,02;354960;52819;1392;37,944683908045974
Reed Solomon;BAD;0,02;354960;52983;1392;38,0625
Reed Solomon;GOOD;0,0003;354960;832;1392;0,5977011494252874
Reed Solomon;MEDIUM;0,002;354960;5640;1392;4,051724137931035
Reed Solomon;BAD;0,02;354960;52996;1392;38,07183908045977
Reed Solomon;GOOD;0,0003;360570;865;1414;0,6117397454031117
Reed Solomon;MEDIUM;0,002;360570;5583;1414;3,948373408769448
Reed Solomon;BAD;0,02;360570;53760;1414;38,01980198019802
Reed Solomon;GOOD;0,0003;382245;921;1499;0,6144096064042696
Reed Solomon;MEDIUM;0,002;382245;5957;1499;3,973982655103402
Reed Solomon;BAD;0,02;382245;56638;1499;37,78385590393596
Reed Solomon;GOOD;0,0003;382245;844;1499;0,5630420280186791
Reed Solomon;MEDIUM;0,002;382245;6082;1499;4,057371581054036
Reed Solomon;BAD;0,02;382245;57132;1499;38,11340893929286
Reed Solomon;GOOD;0,0003;382245;931;1499;0,6210807204803203
Reed Solomon;MEDIUM;0,002;382245;6071;1499;4,05003335557038
Reed Solomon;BAD;0,02;382245;57074;1499;38,07471647765177
Reed Solomon;GOOD;0,0003;354960;908;1392;0,6522988505747126
Reed Solomon;MEDIUM;0,002;354960;5697;1392;4,092672413793103
Reed Solomon;BAD;0,02;354960;52651;1392;37,82399425287356
Reed Solomon;GOOD;0,0003;360570;873;1414;0,6173974540311173
Reed Solomon;MEDIUM;0,002;360570;5682;1414;4,018387553041018
Reed Solomon;BAD;0,02;360570;53570;1414;37,88543140028288
Reed Solomon;GOOD;0,0003;382245;890;1499;0,5937291527685123
Reed Solomon;MEDIUM;0,002;382245;6128;1499;4,088058705803869
Reed Solomon;BAD;0,02;382245;57155;1499;38,128752501667776
Reed Solomon;GOOD;0,0003;354960;869;1392;0,6242816091954023
Reed Solomon;GOOD;0,0003;354960;872;1392;0,6264367816091954
Reed Solomon;GOOD;0,0003;354960;872;1392;0,6264367816091954
Reed Solomon;GOOD;0,0003;354960;829;1392;0,5955459770114943
Reed Solomon;GOOD;0,0003;354960;864;1392;0,6206896551724138
Reed Solomon;GOOD;0,0003;354960;822;1392;0,5905172413793104
Reed Solomon;GOOD;0,0003;354960;884;1392;0,6350574712643678
Reed Solomon;GOOD;0,0003;354960;882;1392;0,6336206896551724
Reed Solomon;GOOD;0,0003;354960;891;1392;0,6400862068965517
Reed Solomon;GOOD;0,0003;354960;868;1392;0,6235632183908046
Reed Solomon;GOOD;0,0003;354960;833;1392;0,5984195402298851
Reed Solomon;GOOD;0,0003;354960;851;1392;0,6113505747126436
Reed Solomon;GOOD;0,0003;354960;882;1392;0,6336206896551724
Reed Solomon;GOOD;0,0003;354960;863;1392;0,6199712643678161
Reed Solomon;GOOD;0,0003;354960;877;1392;0,6300287356321839
Reed Solomon;GOOD;0,0003;354960;903;1392;0,6487068965517241
Reed Solomon;GOOD;0,0003;354960;841;1392;0,6041666666666666
Reed Solomon;GOOD;0,0003;354960;861;1392;0,6185344827586207
Reed Solomon;GOOD;0,0003;354960;835;1392;0,5998563218390804
Reed Solomon;GOOD;0,0003;354960;839;1392;0,6027298850574713
Reed Solomon;GOOD;0,0003;354960;878;1392;0,6307471264367817
Reed Solomon;GOOD;0,0003;354960;871;1392;0,6257183908045977
Reed Solomon;GOOD;0,0003;354960;815;1392;0,5854885057471264
Reed Solomon;GOOD;0,0003;354960;842;1392;0,6048850574712644
Reed Solomon;GOOD;0,0003;354960;852;1392;0,6120689655172413
Reed Solomon;GOOD;0,0003;354960;841;1392;0,6041666666666666
Reed Solomon;GOOD;0,0003;354960;840;1392;0,603448275862069
Reed Solomon;GOOD;0,0003;354960;860;1392;0,617816091954023
Reed Solomon;GOOD;0,0003;354960;876;1392;0,6293103448275862
Reed Solomon;GOOD;0,0003;354960;875;1392;0,6285919540229885
Reed Solomon;GOOD;0,0003;354960;838;1392;0,6020114942528736
Reed Solomon;GOOD;0,0003;354960;818;1392;0,5876436781609196
Reed Solomon;GOOD;0,0003;354960;841;1392;0,6041666666666666
Reed Solomon;GOOD;0,0003;354960;789;1392;0,5668103448275862
Reed Solomon;GOOD;0,0003;354960;868;1392;0,6235632183908046
Reed Solomon;GOOD;0,0003;354960;889;1392;0,6386494252873564
Reed Solomon;GOOD;0,0003;354960;822;1392;0,5905172413793104
Reed Solomon;GOOD;0,0003;354960;829;1392;0,5955459770114943
Reed Solomon;GOOD;0,0003;354960;793;1392;0,569683908045977
Reed Solomon;GOOD;0,0003;354960;829;1392;0,5955459770114943
Reed Solomon;GOOD;0,0003;354960;794;1392;0,5704022988505747
Reed Solomon;GOOD;0,0003;354960;843;1392;0,6056034482758621
Reed Solomon;GOOD;0,0003;354960;838;1392;0,6020114942528736
Reed Solomon;GOOD;0,0003;354960;826;1392;0,5933908045977011
Reed Solomon;GOOD;0,0003;354960;886;1392;0,6364942528735632
Reed Solomon;GOOD;0,0003;354960;858;1392;0,6163793103448276
Reed Solomon;GOOD;0,0003;354960;832;1392;0,5977011494252874
Reed Solomon;GOOD;0,0003;354960;833;1392;0,5984195402298851
Reed Solomon;GOOD;0,0003;354960;892;1392;0,6408045977011494
Reed Solomon;GOOD;0,0003;354960;852;1392;0,6120689655172413
Reed Solomon;GOOD;0,0003;354960;872;1392;0,6264367816091954
Reed Solomon;GOOD;0,0003;354960;793;1392;0,569683908045977
Reed Solomon;GOOD;0,0003;354960;842;1392;0,6048850574712644
Reed Solomon;GOOD;0,0003;354960;838;1392;0,6020114942528736
Reed Solomon;GOOD;0,0003;354960;849;1392;0,6099137931034483
Reed Solomon;GOOD;0,0003;354960;811;1392;0,5826149425287356
Reed Solomon;GOOD;0,0003;354960;829;1392;0,5955459770114943
Reed Solomon;GOOD;0,0003;354960;833;1392;0,5984195402298851
Reed Solomon;GOOD;0,0003;354960;869;1392;0,6242816091954023
Reed Solomon;GOOD;0,0003;354960;861;1392;0,6185344827586207
Reed Solomon;GOOD;0,0003;354960;838;1392;0,6020114942528736
Reed Solomon;GOOD;0,0003;354960;871;1392;0,6257183908045977
Reed Solomon;GOOD;0,0003;354960;848;1392;0,6091954022988506
Reed Solomon;GOOD;0,0003;354960;807;1392;0,5797413793103449
Reed Solomon;GOOD;0,0003;354960;836;1392;0,6005747126436781
Reed Solomon;GOOD;0,0003;354960;851;1392;0,6113505747126436
Reed Solomon;GOOD;0,0003;354960;826;1392;0,5933908045977011
Reed Solomon;GOOD;0,0003;354960;881;1392;0,6329022988505747
Reed Solomon;GOOD;0,0003;354960;827;1392;0,5941091954022989
Reed Solomon;GOOD;0,0003;354960;879;1392;0,6314655172413793
Reed Solomon;GOOD;0,0003;354960;812;1392;0,5833333333333334
Reed Solomon;GOOD;0,0003;354960;861;1392;0,6185344827586207
Reed Solomon;GOOD;0,0003;354960;857;1392;0,6156609195402298
Reed Solomon;GOOD;0,0003;354960;852;1392;0,6120689655172413
Reed Solomon;GOOD;0,0003;354960;845;1392;0,6070402298850575
Reed Solomon;GOOD;0,0003;354960;902;1392;0,6479885057471264
Reed Solomon;GOOD;0,0003;354960;881;1392;0,6329022988505747
Reed Solomon;GOOD;0,0003;354960;842;1392;0,6048850574712644
Reed Solomon;GOOD;0,0003;354960;877;1392;0,6300287356321839
Reed Solomon;GOOD;0,0003;354960;853;1392;0,6127873563218391
Reed Solomon;GOOD;0,0003;354960;837;1392;0,6012931034482759
Reed Solomon;GOOD;0,0003;354960;790;1392;0,5675287356321839
Reed Solomon;GOOD;0,0003;354960;901;1392;0,6472701149425287
Reed Solomon;GOOD;0,0003;354960;883;1392;0,6343390804597702
Reed Solomon;GOOD;0,0003;354960;896;1392;0,6436781609195402
Reed Solomon;GOOD;0,0003;354960;854;1392;0,6135057471264368
Reed Solomon;GOOD;0,0003;354960;849;1392;0,6099137931034483
Reed Solomon;GOOD;0,0003;354960;839;1392;0,6027298850574713
Reed Solomon;GOOD;0,0003;354960;870;1392;0,625
Reed Solomon;GOOD;0,0003;354960;908;1392;0,6522988505747126
Reed Solomon;GOOD;0,0003;354960;858;1392;0,6163793103448276
Reed Solomon;GOOD;0,0003;354960;870;1392;0,625
Reed Solomon;GOOD;0,0003;354960;896;1392;0,6436781609195402
Reed Solomon;GOOD;0,0003;354960;824;1392;0,5919540229885057
Reed Solomon;GOOD;0,0003;354960;841;1392;0,6041666666666666
Reed Solomon;GOOD;0,0003;354960;833;1392;0,5984195402298851
Reed Solomon;GOOD;0,0003;354960;855;1392;0,6142241379310345
Reed Solomon;GOOD;0,0003;354960;857;1392;0,6156609195402298
Reed Solomon;GOOD;0,0003;354960;784;1392;0,5632183908045977
Reed Solomon;GOOD;0,0003;354960;857;1392;0,6156609195402298
Reed Solomon;MEDIUM;0,002;354960;5648;1392;4,057471264367816
Reed Solomon;MEDIUM;0,002;354960;5603;1392;4,025143678160919
Reed Solomon;MEDIUM;0,002;354960;5625;1392;4,040948275862069
Reed Solomon;MEDIUM;0,002;354960;5644;1392;4,054597701149425
Reed Solomon;MEDIUM;0,002;354960;5589;1392;4,015086206896552
Reed Solomon;MEDIUM;0,002;354960;5697;1392;4,092672413793103
Reed Solomon;MEDIUM;0,002;354960;5686;1392;4,084770114942529
Reed Solomon;MEDIUM;0,002;354960;5767;1392;4,142959770114943
Reed Solomon;MEDIUM;0,002;354960;5642;1392;4,05316091954023
Reed Solomon;MEDIUM;0,002;354960;5543;1392;3,9820402298850577
Reed Solomon;MEDIUM;0,002;354960;5593;1392;4,017959770114943
Reed Solomon;MEDIUM;0,002;354960;5562;1392;3,9956896551724137
Reed Solomon;MEDIUM;0,002;354960;5532;1392;3,9741379310344827
Reed Solomon;MEDIUM;0,002;354960;5678;1392;4,079022988505747
Reed Solomon;MEDIUM;0,002;354960;5732;1392;4,117816091954023
Reed Solomon;MEDIUM;0,002;354960;5764;1392;4,140804597701149
Reed Solomon;MEDIUM;0,002;354960;5590;1392;4,015804597701149
Reed Solomon;MEDIUM;0,002;354960;5734;1392;4,119252873563219
Reed Solomon;MEDIUM;0,002;354960;5696;1392;4,091954022988506
Reed Solomon;MEDIUM;0,002;354960;5601;1392;4,023706896551724
Reed Solomon;MEDIUM;0,002;354960;5687;1392;4,085488505747127
Reed Solomon;MEDIUM;0,002;354960;5639;1392;4,051005747126437
Reed Solomon;MEDIUM;0,002;354960;5698;1392;4,093390804597701
Reed Solomon;MEDIUM;0,002;354960;5556;1392;3,9913793103448274
Reed Solomon;MEDIUM;0,002;354960;5730;1392;4,116379310344827
Reed Solomon;MEDIUM;0,002;354960;5634;1392;4,047413793103448
Reed Solomon;MEDIUM;0,002;354960;5621;1392;4,038074712643678
Reed Solomon;MEDIUM;0,002;354960;5631;1392;4,045258620689655
Reed Solomon;MEDIUM;0,002;354960;5540;1392;3,9798850574712645
Reed Solomon;MEDIUM;0,002;354960;5623;1392;4,039511494252873
Reed Solomon;MEDIUM;0,002;354960;5610;1392;4,030172413793103
Reed Solomon;MEDIUM;0,002;354960;5697;1392;4,092672413793103
Reed Solomon;MEDIUM;0,002;354960;5707;1392;4,099856321839081
Reed Solomon;MEDIUM;0,002;354960;5636;1392;4,0488505747126435
Reed Solomon;MEDIUM;0,002;354960;5495;1392;3,9475574712643677
Reed Solomon;MEDIUM;0,002;354960;5610;1392;4,030172413793103
Reed Solomon;MEDIUM;0,002;354960;5575;1392;4,005028735632184
Reed Solomon;MEDIUM;0,002;354960;5693;1392;4,089798850574713
Reed Solomon;MEDIUM;0,002;354960;5574;1392;4,004310344827586
Reed Solomon;MEDIUM;0,002;354960;5536;1392;3,9770114942528734
Reed Solomon;MEDIUM;0,002;354960;5720;1392;4,109195402298851
Reed Solomon;MEDIUM;0,002;354960;5468;1392;3,92816091954023
Reed Solomon;MEDIUM;0,002;354960;5657;1392;4,063936781609195
Reed Solomon;MEDIUM;0,002;354960;5499;1392;3,9504310344827585
Reed Solomon;MEDIUM;0,002;354960;5596;1392;4,0201149425287355
Reed Solomon;MEDIUM;0,002;354960;5559;1392;3,9935344827586206
Reed Solomon;MEDIUM;0,002;354960;5506;1392;3,9554597701149423
Reed Solomon;MEDIUM;0,002;354960;5535;1392;3,976293103448276
Reed Solomon;MEDIUM;0,002;354960;5717;1392;4,107040229885057
Reed Solomon;MEDIUM;0,002;354960;5549;1392;3,9863505747126435
Reed Solomon;MEDIUM;0,002;354960;5636;1392;4,0488505747126435
Reed Solomon;MEDIUM;0,002;354960;5626;1392;4,041666666666667
Reed Solomon;MEDIUM;0,002;354960;5592;1392;4,017241379310345
Reed Solomon;MEDIUM;0,002;354960;5674;1392;4,0761494252873565
Reed Solomon;MEDIUM;0,002;354960;5639;1392;4,051005747126437
Reed Solomon;MEDIUM;0,002;354960;5601;1392;4,023706896551724
Reed Solomon;MEDIUM;0,002;354960;5641;1392;4,052442528735632
Reed Solomon;MEDIUM;0,002;354960;5668;1392;4,07183908045977
Reed Solomon;MEDIUM;0,002;354960;5644;1392;4,054597701149425
Reed Solomon;MEDIUM;0,002;354960;5561;1392;3,994971264367816
Reed Solomon;MEDIUM;0,002;354960;5535;1392;3,976293103448276
Reed Solomon;MEDIUM;0,002;354960;5673;1392;4,075431034482759
Reed Solomon;MEDIUM;0,002;354960;5779;1392;4,151580459770115
Reed Solomon;MEDIUM;0,002;354960;5617;1392;4,035201149425287
Reed Solomon;MEDIUM;0,002;354960;5607;1392;4,0280172413793105
Reed Solomon;MEDIUM;0,002;354960;5602;1392;4,024425287356322
Reed Solomon;MEDIUM;0,002;354960;5648;1392;4,057471264367816
Reed Solomon;MEDIUM;0,002;354960;5702;1392;4,096264367816092
Reed Solomon;MEDIUM;0,002;354960;5731;1392;4,117097701149425
Reed Solomon;MEDIUM;0,002;354960;5647;1392;4,056752873563219
Reed Solomon;MEDIUM;0,002;354960;5728;1392;4,114942528735632
Reed Solomon;MEDIUM;0,002;354960;5683;1392;4,0826149425287355
Reed Solomon;MEDIUM;0,002;354960;5558;1392;3,992816091954023
Reed Solomon;MEDIUM;0,002;354960;5602;1392;4,024425287356322
Reed Solomon;MEDIUM;0,002;354960;5530;1392;3,9727011494252875
Reed Solomon;MEDIUM;0,002;354960;5633;1392;4,046695402298851
Reed Solomon;MEDIUM;0,002;354960;5596;1392;4,0201149425287355
Reed Solomon;MEDIUM;0,002;354960;5749;1392;4,130028735632184
Reed Solomon;MEDIUM;0,002;354960;5740;1392;4,123563218390805
Reed Solomon;MEDIUM;0,002;354960;5655;1392;4,0625
Reed Solomon;MEDIUM;0,002;354960;5521;1392;3,966235632183908
Reed Solomon;MEDIUM;0,002;354960;5621;1392;4,038074712643678
Reed Solomon;MEDIUM;0,002;354960;5574;1392;4,004310344827586
Reed Solomon;MEDIUM;0,002;354960;5679;1392;4,079741379310345
Reed Solomon;MEDIUM;0,002;354960;5793;1392;4,161637931034483
Reed Solomon;MEDIUM;0,002;354960;5726;1392;4,113505747126437
Reed Solomon;MEDIUM;0,002;354960;5620;1392;4,037356321839081
Reed Solomon;MEDIUM;0,002;354960;5564;1392;3,9971264367816093
Reed Solomon;MEDIUM;0,002;354960;5545;1392;3,983477011494253
Reed Solomon;MEDIUM;0,002;354960;5603;1392;4,025143678160919
Reed Solomon;MEDIUM;0,002;354960;5639;1392;4,051005747126437
Reed Solomon;MEDIUM;0,002;354960;5617;1392;4,035201149425287
Reed Solomon;MEDIUM;0,002;354960;5603;1392;4,025143678160919
Reed Solomon;MEDIUM;0,002;354960;5593;1392;4,017959770114943
Reed Solomon;MEDIUM;0,002;354960;5581;1392;4,00933908045977
Reed Solomon;MEDIUM;0,002;354960;5668;1392;4,07183908045977
Reed Solomon;MEDIUM;0,002;354960;5674;1392;4,0761494252873565
Reed Solomon;MEDIUM;0,002;354960;5714;1392;4,1048850574712645
Reed Solomon;MEDIUM;0,002;354960;5668;1392;4,07183908045977
Reed Solomon;MEDIUM;0,002;354960;5485;1392;3,9403735632183907
Reed Solomon;BAD;0,02;354960;52998;1392;38,07327586206897
Reed Solomon;BAD;0,02;354960;52746;1392;37,89224137931034
Reed Solomon;BAD;0,02;354960;52897;1392;38,0007183908046
Reed Solomon;BAD;0,02;354960;53066;1392;38,122126436781606
Reed Solomon;BAD;0,02;354960;52932;1392;38,025862068965516
Reed Solomon;BAD;0,02;354960;52970;1392;38,05316091954023
Reed Solomon;BAD;0,02;354960;52900;1392;38,002873563218394
Reed Solomon;BAD;0,02;354960;52861;1392;37,97485632183908
Reed Solomon;BAD;0,02;354960;52745;1392;37,89152298850575
Reed Solomon;BAD;0,02;354960;52878;1392;37,98706896551724
Reed Solomon;BAD;0,02;354960;53108;1392;38,15229885057471
Reed Solomon;BAD;0,02;354960;52787;1392;37,92169540229885
Reed Solomon;BAD;0,02;354960;53095;1392;38,14295977011494
Reed Solomon;BAD;0,02;354960;53110;1392;38,15373563218391
Reed Solomon;BAD;0,02;354960;53040;1392;38,10344827586207
Reed Solomon;BAD;0,02;354960;53167;1392;38,194683908045974
Reed Solomon;BAD;0,02;354960;53104;1392;38,14942528735632
Reed Solomon;BAD;0,02;354960;52900;1392;38,002873563218394
Reed Solomon;BAD;0,02;354960;52979;1392;38,059626436781606
Reed Solomon;BAD;0,02;354960;52747;1392;37,89295977011494
Reed Solomon;BAD;0,02;354960;52988;1392;38,06609195402299
Reed Solomon;BAD;0,02;354960;53065;1392;38,12140804597701
Reed Solomon;BAD;0,02;354960;53400;1392;38,36206896551724
Reed Solomon;BAD;0,02;354960;53037;1392;38,10129310344828
Reed Solomon;BAD;0,02;354960;52852;1392;37,9683908045977
Reed Solomon;BAD;0,02;354960;53105;1392;38,15014367816092
Reed Solomon;BAD;0,02;354960;52650;1392;37,82327586206897
Reed Solomon;BAD;0,02;354960;53002;1392;38,076149425287355
Reed Solomon;BAD;0,02;354960;52890;1392;37,99568965517241
Reed Solomon;BAD;0,02;354960;53160;1392;38,189655172413794
Reed Solomon;BAD;0,02;354960;52860;1392;37,974137931034484
Reed Solomon;BAD;0,02;354960;52891;1392;37,99640804597701
Reed Solomon;BAD;0,02;354960;52968;1392;38,05172413793103
Reed Solomon;BAD;0,02;354960;52609;1392;37,79382183908046
Reed Solomon;BAD;0,02;354960;52553;1392;37,75359195402299
Reed Solomon;BAD;0,02;354960;53052;1392;38,11206896551724
Reed Solomon;BAD;0,02;354960;52860;1392;37,974137931034484
Reed Solomon;BAD;0,02;354960;52662;1392;37,831896551724135
Reed Solomon;BAD;0,02;354960;53090;1392;38,139367816091955
Reed Solomon;BAD;0,02;354960;52965;1392;38,04956896551724
Reed Solomon;BAD;0,02;354960;52808;1392;37,9367816091954
Reed Solomon;BAD;0,02;354960;53147;1392;38,180316091954026
Reed Solomon;BAD;0,02;354960;52886;1392;37,992816091954026
Reed Solomon;BAD;0,02;354960;52860;1392;37,974137931034484
Reed Solomon;BAD;0,02;354960;52990;1392;38,06752873563219
Reed Solomon;BAD;0,02;354960;52749;1392;37,894396551724135
Reed Solomon;BAD;0,02;354960;53202;1392;38,2198275862069
Reed Solomon;BAD;0,02;354960;52702;1392;37,860632183908045
Reed Solomon;BAD;0,02;354960;53302;1392;38,291666666666664
Reed Solomon;BAD;0,02;354960;52935;1392;38,02801724137931
Reed Solomon;BAD;0,02;354960;52538;1392;37,742816091954026
Reed Solomon;BAD;0,02;354960;53243;1392;38,2492816091954
Reed Solomon;BAD;0,02;354960;52817;1392;37,94324712643678
Reed Solomon;BAD;0,02;354960;52605;1392;37,79094827586207
Reed Solomon;BAD;0,02;354960;52994;1392;38,070402298850574
Reed Solomon;BAD;0,02;354960;53104;1392;38,14942528735632
Reed Solomon;BAD;0,02;354960;52797;1392;37,928879310344826
Reed Solomon;BAD;0,02;354960;53225;1392;38,236350574712645
Reed Solomon;BAD;0,02;354960;53019;1392;38,088362068965516
Reed Solomon;BAD;0,02;354960;53454;1392;38,400862068965516
Reed Solomon;BAD;0,02;354960;52932;1392;38,025862068965516
Reed Solomon;BAD;0,02;354960;53021;1392;38,08979885057471
Reed Solomon;BAD;0,02;354960;52536;1392;37,741379310344826
Reed Solomon;BAD;0,02;354960;53013;1392;38,08405172413793
Reed Solomon;BAD;0,02;354960;52721;1392;37,8742816091954
Reed Solomon;BAD;0,02;354960;53135;1392;38,17169540229885
Reed Solomon;BAD;0,02;354960;52864;1392;37,97701149425287
Reed Solomon;BAD;0,02;354960;52796;1392;37,92816091954023
Reed Solomon;BAD;0,02;354960;52986;1392;38,064655172413794
Reed Solomon;BAD;0,02;354960;53083;1392;38,13433908045977
Reed Solomon;BAD;0,02;354960;53304;1392;38,293103448275865
Reed Solomon;BAD;0,02;354960;52930;1392;38,02442528735632
Reed Solomon;BAD;0,02;354960;52816;1392;37,94252873563219
Reed Solomon;BAD;0,02;354960;52770;1392;37,90948275862069
Reed Solomon;BAD;0,02;354960;53102;1392;38,14798850574713
Reed Solomon;BAD;0,02;354960;52740;1392;37,88793103448276
Reed Solomon;BAD;0,02;354960;52541;1392;37,74497126436781
Reed Solomon;BAD;0,02;354960;52944;1392;38,03448275862069
Reed Solomon;BAD;0,02;354960;52860;1392;37,974137931034484
Reed Solomon;BAD;0,02;354960;53086;1392;38,13649425287356
Reed Solomon;BAD;0,02;354960;53359;1392;38,332614942528735
Reed Solomon;BAD;0,02;354960;53104;1392;38,14942528735632
Reed Solomon;BAD;0,02;354960;53188;1392;38,20977011494253
Reed Solomon;BAD;0,02;354960;53170;1392;38,19683908045977
Reed Solomon;BAD;0,02;354960;53111;1392;38,1544540229885
Reed Solomon;BAD;0,02;354960;53135;1392;38,17169540229885
Reed Solomon;BAD;0,02;354960;52807;1392;37,93606321839081
Reed Solomon;BAD;0,02;354960;52974;1392;38,05603448275862
Reed Solomon;BAD;0,02;354960;52849;1392;37,96623563218391
Reed Solomon;BAD;0,02;354960;53191;1392;38,21192528735632
Reed Solomon;BAD;0,02;354960;53028;1392;38,0948275862069
Reed Solomon;BAD;0,02;354960;52923;1392;38,019396551724135
Reed Solomon;BAD;0,02;354960;52926;1392;38,02155172413793
Reed Solomon;BAD;0,02;354960;52875;1392;37,984913793103445
Reed Solomon;BAD;0,02;354960;52883;1392;37,99066091954023
Reed Solomon;BAD;0,02;354960;53031;1392;38,09698275862069
Reed Solomon;BAD;0,02;354960;53000;1392;38,07471264367816
Reed Solomon;BAD;0,02;354960;52689;1392;37,85129310344828
Reed Solomon;BAD;0,02;354960;52749;1392;37,894396551724135
Reed Solomon;BAD;0,02;354960;53200;1392;38,2183908045977
Reed Solomon;GOOD;0,0003;360570;922;1414;0,652050919377652
Reed Solomon;GOOD;0,0003;360570;815;1414;0,5763790664780764
Reed Solomon;GOOD;0,0003;360570;878;1414;0,620933521923621
Reed Solomon;GOOD;0,0003;360570;862;1414;0,6096181046676096
Reed Solomon;GOOD;0,0003;360570;865;1414;0,6117397454031117
Reed Solomon;GOOD;0,0003;360570;803;1414;0,5678925035360679
Reed Solomon;GOOD;0,0003;360570;849;1414;0,6004243281471005
Reed Solomon;GOOD;0,0003;360570;854;1414;0,6039603960396039
Reed Solomon;GOOD;0,0003;360570;847;1414;0,599009900990099
Reed Solomon;GOOD;0,0003;360570;883;1414;0,6244695898161244
Reed Solomon;GOOD;0,0003;360570;875;1414;0,6188118811881188
Reed Solomon;GOOD;0,0003;360570;867;1414;0,6131541725601132
Reed Solomon;GOOD;0,0003;360570;897;1414;0,6343705799151343
Reed Solomon;GOOD;0,0003;360570;872;1414;0,6166902404526167
Reed Solomon;GOOD;0,0003;360570;897;1414;0,6343705799151343
Reed Solomon;GOOD;0,0003;360570;837;1414;0,5919377652050919
Reed Solomon;GOOD;0,0003;360570;817;1414;0,5777934936350778
Reed Solomon;GOOD;0,0003;360570;867;1414;0,6131541725601132
Reed Solomon;GOOD;0,0003;360570;817;1414;0,5777934936350778
Reed Solomon;GOOD;0,0003;360570;864;1414;0,611032531824611
Reed Solomon;GOOD;0,0003;360570;886;1414;0,6265912305516266
Reed Solomon;GOOD;0,0003;360570;882;1414;0,6237623762376238
Reed Solomon;GOOD;0,0003;360570;897;1414;0,6343705799151343
Reed Solomon;GOOD;0,0003;360570;807;1414;0,5707213578500707
Reed Solomon;GOOD;0,0003;360570;871;1414;0,615983026874116
Reed Solomon;GOOD;0,0003;360570;864;1414;0,611032531824611
Reed Solomon;GOOD;0,0003;360570;850;1414;0,6011315417256011
Reed Solomon;GOOD;0,0003;360570;906;1414;0,6407355021216408
Reed Solomon;GOOD;0,0003;360570;862;1414;0,6096181046676096
Reed Solomon;GOOD;0,0003;360570;847;1414;0,599009900990099
Reed Solomon;GOOD;0,0003;360570;912;1414;0,6449787835926449
Reed Solomon;GOOD;0,0003;360570;880;1414;0,6223479490806223
Reed Solomon;GOOD;0,0003;360570;871;1414;0,615983026874116
Reed Solomon;GOOD;0,0003;360570;854;1414;0,6039603960396039
Reed Solomon;GOOD;0,0003;360570;946;1414;0,669024045261669
Reed Solomon;GOOD;0,0003;360570;852;1414;0,6025459688826026
Reed Solomon;GOOD;0,0003;360570;869;1414;0,6145685997171145
Reed Solomon;GOOD;0,0003;360570;840;1414;0,594059405940594
Reed Solomon;GOOD;0,0003;360570;909;1414;0,6428571428571429
Reed Solomon;GOOD;0,0003;360570;845;1414;0,5975954738330976
Reed Solomon;GOOD;0,0003;360570;870;1414;0,6152758132956153
Reed Solomon;GOOD;0,0003;360570;861;1414;0,6089108910891089
Reed Solomon;GOOD;0,0003;360570;852;1414;0,6025459688826026
Reed Solomon;GOOD;0,0003;360570;895;1414;0,632956152758133
Reed Solomon;GOOD;0,0003;360570;875;1414;0,6188118811881188
Reed Solomon;GOOD;0,0003;360570;913;1414;0,6456859971711457
Reed Solomon;GOOD;0,0003;360570;888;1414;0,628005657708628
Reed Solomon;GOOD;0,0003;360570;883;1414;0,6244695898161244
Reed Solomon;GOOD;0,0003;360570;875;1414;0,6188118811881188
Reed Solomon;GOOD;0,0003;360570;873;1414;0,6173974540311173
Reed Solomon;GOOD;0,0003;360570;869;1414;0,6145685997171145
Reed Solomon;GOOD;0,0003;360570;859;1414;0,6074964639321075
Reed Solomon;GOOD;0,0003;360570;861;1414;0,6089108910891089
Reed Solomon;GOOD;0,0003;360570;885;1414;0,6258840169731259
Reed Solomon;GOOD;0,0003;360570;886;1414;0,6265912305516266
Reed Solomon;GOOD;0,0003;360570;893;1414;0,6315417256011315
Reed Solomon;GOOD;0,0003;360570;896;1414;0,6336633663366337
Reed Solomon;GOOD;0,0003;360570;910;1414;0,6435643564356436
Reed Solomon;GOOD;0,0003;360570;922;1414;0,652050919377652
Reed Solomon;GOOD;0,0003;360570;826;1414;0,5841584158415841
Reed Solomon;GOOD;0,0003;360570;867;1414;0,6131541725601132
Reed Solomon;GOOD;0,0003;360570;829;1414;0,5862800565770863
Reed Solomon;GOOD;0,0003;360570;900;1414;0,6364922206506365
Reed Solomon;GOOD;0,0003;360570;877;1414;0,6202263083451203
Reed Solomon;GOOD;0,0003;360570;838;1414;0,5926449787835927
Reed Solomon;GOOD;0,0003;360570;853;1414;0,6032531824611033
Reed Solomon;GOOD;0,0003;360570;931;1414;0,6584158415841584
Reed Solomon;GOOD;0,0003;360570;823;1414;0,582036775106082
Reed Solomon;GOOD;0,0003;360570;901;1414;0,6371994342291372
Reed Solomon;GOOD;0,0003;360570;846;1414;0,5983026874115983
Reed Solomon;GOOD;0,0003;360570;849;1414;0,6004243281471005
Reed Solomon;GOOD;0,0003;360570;835;1414;0,5905233380480905
Reed Solomon;GOOD;0,0003;360570;866;1414;0,6124469589816125
Reed Solomon;GOOD;0,0003;360570;871;1414;0,615983026874116
Reed Solomon;GOOD;0,0003;360570;930;1414;0,6577086280056577
Reed Solomon;GOOD;0,0003;360570;858;1414;0,6067892503536068
Reed Solomon;GOOD;0,0003;360570;854;1414;0,6039603960396039
Reed Solomon;GOOD;0,0003;360570;881;1414;0,6230551626591231
Reed Solomon;GOOD;0,0003;360570;867;1414;0,6131541725601132
Reed Solomon;GOOD;0,0003;360570;860;1414;0,6082036775106082
Reed Solomon;GOOD;0,0003;360570;832;1414;0,5884016973125884
Reed Solomon;GOOD;0,0003;360570;871;1414;0,615983026874116
Reed Solomon;GOOD;0,0003;360570;882;1414;0,6237623762376238
Reed Solomon;GOOD;0,0003;360570;846;1414;0,5983026874115983
Reed Solomon;GOOD;0,0003;360570;840;1414;0,594059405940594
Reed Solomon;GOOD;0,0003;360570;905;1414;0,64002828854314
Reed Solomon;GOOD;0,0003;360570;924;1414;0,6534653465346535
Reed Solomon;GOOD;0,0003;360570;916;1414;0,6478076379066479
Reed Solomon;GOOD;0,0003;360570;859;1414;0,6074964639321075
Reed Solomon;GOOD;0,0003;360570;813;1414;0,574964639321075
Reed Solomon;GOOD;0,0003;360570;830;1414;0,5869872701555869
Reed Solomon;GOOD;0,0003;360570;811;1414;0,5735502121640735
Reed Solomon;GOOD;0,0003;360570;883;1414;0,6244695898161244
Reed Solomon;GOOD;0,0003;360570;893;1414;0,6315417256011315
Reed Solomon;GOOD;0,0003;360570;820;1414;0,57991513437058
Reed Solomon;GOOD;0,0003;360570;781;1414;0,5523338048090524
Reed Solomon;GOOD;0,0003;360570;879;1414;0,6216407355021216
Reed Solomon;GOOD;0,0003;360570;870;1414;0,6152758132956153
Reed Solomon;GOOD;0,0003;360570;877;1414;0,6202263083451203
Reed Solomon;GOOD;0,0003;360570;901;1414;0,6371994342291372
Reed Solomon;MEDIUM;0,002;360570;5696;1414;4,028288543140028
Reed Solomon;MEDIUM;0,002;360570;5716;1414;4,042432814710042
Reed Solomon;MEDIUM;0,002;360570;5732;1414;4,053748231966054
Reed Solomon;MEDIUM;0,002;360570;5728;1414;4,050919377652051
Reed Solomon;MEDIUM;0,002;360570;5707;1414;4,036067892503536
Reed Solomon;MEDIUM;0,002;360570;5812;1414;4,11032531824611
Reed Solomon;MEDIUM;0,002;360570;5526;1414;3,908062234794908
Reed Solomon;MEDIUM;0,002;360570;5816;1414;4,1131541725601135
Reed Solomon;MEDIUM;0,002;360570;5700;1414;4,0311173974540315
Reed Solomon;MEDIUM;0,002;360570;5735;1414;4,055869872701556
Reed Solomon;MEDIUM;0,002;360570;5853;1414;4,13932107496464
Reed Solomon;MEDIUM;0,002;360570;5726;1414;4,0495049504950495
Reed Solomon;MEDIUM;0,002;360570;5750;1414;4,066478076379067
Reed Solomon;MEDIUM;0,002;360570;5671;1414;4,010608203677511
Reed Solomon;MEDIUM;0,002;360570;5557;1414;3,92998585572843
Reed Solomon;MEDIUM;0,002;360570;5618;1414;3,973125884016973
Reed Solomon;MEDIUM;0,002;360570;5740;1414;4,0594059405940595
Reed Solomon;MEDIUM;0,002;360570;5681;1414;4,017680339462518
Reed Solomon;MEDIUM;0,002;360570;5705;1414;4,034653465346534
Reed Solomon;MEDIUM;0,002;360570;5617;1414;3,9724186704384725
Reed Solomon;MEDIUM;0,002;360570;5731;1414;4,053041018387553
Reed Solomon;MEDIUM;0,002;360570;5709;1414;4,037482319660538
Reed Solomon;MEDIUM;0,002;360570;5877;1414;4,156294200848656
Reed Solomon;MEDIUM;0,002;360570;5729;1414;4,051626591230551
Reed Solomon;MEDIUM;0,002;360570;5838;1414;4,128712871287129
Reed Solomon;MEDIUM;0,002;360570;5725;1414;4,048797736916549
Reed Solomon;MEDIUM;0,002;360570;5720;1414;4,045261669024045
Reed Solomon;MEDIUM;0,002;360570;5794;1414;4,097595473833097
Reed Solomon;MEDIUM;0,002;360570;5756;1414;4,070721357850071
Reed Solomon;MEDIUM;0,002;360570;5671;1414;4,010608203677511
Reed Solomon;MEDIUM;0,002;360570;5777;1414;4,085572842998586
Reed Solomon;MEDIUM;0,002;360570;5612;1414;3,968882602545969
Reed Solomon;MEDIUM;0,002;360570;5627;1414;3,9794908062234793
Reed Solomon;MEDIUM;0,002;360570;5779;1414;4,086987270155587
Reed Solomon;MEDIUM;0,002;360570;5615;1414;3,971004243281471
Reed Solomon;MEDIUM;0,002;360570;5723;1414;4,047383309759548
Reed Solomon;MEDIUM;0,002;360570;5738;1414;4,057991513437058
Reed Solomon;MEDIUM;0,002;360570;5737;1414;4,057284299858558
Reed Solomon;MEDIUM;0,002;360570;5755;1414;4,07001414427157
Reed Solomon;MEDIUM;0,002;360570;5750;1414;4,066478076379067
Reed Solomon;MEDIUM;0,002;360570;5695;1414;4,027581329561528
Reed Solomon;MEDIUM;0,002;360570;5791;1414;4,0954738330975955
Reed Solomon;MEDIUM;0,002;360570;5644;1414;3,9915134370579914
Reed Solomon;MEDIUM;0,002;360570;5809;1414;4,108203677510608
Reed Solomon;MEDIUM;0,002;360570;5711;1414;4,038896746817539
Reed Solomon;MEDIUM;0,002;360570;5822;1414;4,117397454031117
Reed Solomon;MEDIUM;0,002;360570;5704;1414;4,033946251768034
Reed Solomon;MEDIUM;0,002;360570;5744;1414;4,062234794908062
Reed Solomon;MEDIUM;0,002;360570;5792;1414;4,096181046676096
Reed Solomon;MEDIUM;0,002;360570;5702;1414;4,032531824611032
Reed Solomon;MEDIUM;0,002;360570;5890;1414;4,165487977369166
Reed Solomon;MEDIUM;0,002;360570;5708;1414;4,036775106082037
Reed Solomon;MEDIUM;0,002;360570;5729;1414;4,051626591230551
Reed Solomon;MEDIUM;0,002;360570;5686;1414;4,021216407355022
Reed Solomon;MEDIUM;0,002;360570;5710;1414;4,038189533239038
Reed Solomon;MEDIUM;0,002;360570;5834;1414;4,125884016973126
Reed Solomon;MEDIUM;0,002;360570;5789;1414;4,094059405940594
Reed Solomon;MEDIUM;0,002;360570;5735;1414;4,055869872701556
Reed Solomon;MEDIUM;0,002;360570;5671;1414;4,010608203677511
Reed Solomon;MEDIUM;0,002;360570;5716;1414;4,042432814710042
Reed Solomon;MEDIUM;0,002;360570;5707;1414;4,036067892503536
Reed Solomon;MEDIUM;0,002;360570;5756;1414;4,070721357850071
Reed Solomon;MEDIUM;0,002;360570;5802;1414;4,103253182461104
Reed Solomon;MEDIUM;0,002;360570;5739;1414;4,058698727015559
Reed Solomon;MEDIUM;0,002;360570;5721;1414;4,045968882602546
Reed Solomon;MEDIUM;0,002;360570;5833;1414;4,125176803394625
Reed Solomon;MEDIUM;0,002;360570;5829;1414;4,1223479490806225
Reed Solomon;MEDIUM;0,002;360570;5599;1414;3,95968882602546
Reed Solomon;MEDIUM;0,002;360570;5629;1414;3,980905233380481
Reed Solomon;MEDIUM;0,002;360570;5567;1414;3,937057991513437
Reed Solomon;MEDIUM;0,002;360570;5765;1414;4,0770862800565775
Reed Solomon;MEDIUM;0,002;360570;5559;1414;3,9314002828854315
Reed Solomon;MEDIUM;0,002;360570;5807;1414;4,106789250353607
Reed Solomon;MEDIUM;0,002;360570;5782;1414;4,089108910891089
Reed Solomon;MEDIUM;0,002;360570;5788;1414;4,093352192362094
Reed Solomon;MEDIUM;0,002;360570;5723;1414;4,047383309759548
Reed Solomon;MEDIUM;0,002;360570;5728;1414;4,050919377652051
Reed Solomon;MEDIUM;0,002;360570;5635;1414;3,985148514851485
Reed Solomon;MEDIUM;0,002;360570;5599;1414;3,95968882602546
Reed Solomon;MEDIUM;0,002;360570;5863;1414;4,146393210749646
Reed Solomon;MEDIUM;0,002;360570;5752;1414;4,067892503536068
Reed Solomon;MEDIUM;0,002;360570;5696;1414;4,028288543140028
Reed Solomon;MEDIUM;0,002;360570;5593;1414;3,9554455445544554
Reed Solomon;MEDIUM;0,002;360570;5622;1414;3,975954738330976
Reed Solomon;MEDIUM;0,002;360570;5805;1414;4,105374823196605
Reed Solomon;MEDIUM;0,002;360570;5743;1414;4,061527581329561
Reed Solomon;MEDIUM;0,002;360570;5671;1414;4,010608203677511
Reed Solomon;MEDIUM;0,002;360570;5754;1414;4,069306930693069
Reed Solomon;MEDIUM;0,002;360570;5700;1414;4,0311173974540315
Reed Solomon;MEDIUM;0,002;360570;5780;1414;4,087694483734087
Reed Solomon;MEDIUM;0,002;360570;5819;1414;4,115275813295615
Reed Solomon;MEDIUM;0,002;360570;5797;1414;4,0997171145686
Reed Solomon;MEDIUM;0,002;360570;5627;1414;3,9794908062234793
Reed Solomon;MEDIUM;0,002;360570;5753;1414;4,0685997171145685
Reed Solomon;MEDIUM;0,002;360570;5688;1414;4,0226308345120225
Reed Solomon;MEDIUM;0,002;360570;5625;1414;3,978076379066478
Reed Solomon;MEDIUM;0,002;360570;5773;1414;4,082743988684583
Reed Solomon;MEDIUM;0,002;360570;5755;1414;4,07001414427157
Reed Solomon;MEDIUM;0,002;360570;5709;1414;4,037482319660538
Reed Solomon;MEDIUM;0,002;360570;5703;1414;4,033239038189533
Reed Solomon;BAD;0,02;360570;53936;1414;38,14427157001415
Reed Solomon;BAD;0,02;360570;53939;1414;38,14639321074964
Reed Solomon;BAD;0,02;360570;54087;1414;38,25106082036775
Reed Solomon;BAD;0,02;360570;53468;1414;37,81329561527581
Reed Solomon;BAD;0,02;360570;54215;1414;38,34158415841584
Reed Solomon;BAD;0,02;360570;54204;1414;38,33380480905233
Reed Solomon;BAD;0,02;360570;53837;1414;38,07425742574257
Reed Solomon;BAD;0,02;360570;53485;1414;37,82531824611033
Reed Solomon;BAD;0,02;360570;54104;1414;38,26308345120226
Reed Solomon;BAD;0,02;360570;53679;1414;37,96251768033946
Reed Solomon;BAD;0,02;360570;53659;1414;37,94837340876945
Reed Solomon;BAD;0,02;360570;53632;1414;37,92927864214993
Reed Solomon;BAD;0,02;360570;54026;1414;38,20792079207921
Reed Solomon;BAD;0,02;360570;53478;1414;37,82036775106082
Reed Solomon;BAD;0,02;360570;53700;1414;37,97736916548798
Reed Solomon;BAD;0,02;360570;54050;1414;38,22489391796322
Reed Solomon;BAD;0,02;360570;53535;1414;37,86067892503536
Reed Solomon;BAD;0,02;360570;53960;1414;38,16124469589816
Reed Solomon;BAD;0,02;360570;54215;1414;38,34158415841584
Reed Solomon;BAD;0,02;360570;54007;1414;38,1944837340877
Reed Solomon;BAD;0,02;360570;53605;1414;37,91018387553041
Reed Solomon;BAD;0,02;360570;53650;1414;37,94200848656294
Reed Solomon;BAD;0,02;360570;53571;1414;37,886138613861384
Reed Solomon;BAD;0,02;360570;54550;1414;38,57850070721358
Reed Solomon;BAD;0,02;360570;54055;1414;38,228429985855726
Reed Solomon;BAD;0,02;360570;54225;1414;38,34865629420085
Reed Solomon;BAD;0,02;360570;53688;1414;37,96888260254597
Reed Solomon;BAD;0,02;360570;53735;1414;38,0021216407355
Reed Solomon;BAD;0,02;360570;53643;1414;37,937057991513434
Reed Solomon;BAD;0,02;360570;53900;1414;38,118811881188115
Reed Solomon;BAD;0,02;360570;53524;1414;37,852899575671856
Reed Solomon;BAD;0,02;360570;53606;1414;37,91089108910891
Reed Solomon;BAD;0,02;360570;53785;1414;38,03748231966054
Reed Solomon;BAD;0,02;360570;53613;1414;37,915841584158414
Reed Solomon;BAD;0,02;360570;53742;1414;38,00707213578501
Reed Solomon;BAD;0,02;360570;53791;1414;38,04172560113154
Reed Solomon;BAD;0,02;360570;53614;1414;37,916548797736915
Reed Solomon;BAD;0,02;360570;53615;1414;37,917256011315416
Reed Solomon;BAD;0,02;360570;53860;1414;38,090523338048094
Reed Solomon;BAD;0,02;360570;54205;1414;38,33451202263083
Reed Solomon;BAD;0,02;360570;53853;1414;38,08557284299859
Reed Solomon;BAD;0,02;360570;53544;1414;37,86704384724187
Reed Solomon;BAD;0,02;360570;53851;1414;38,084158415841586
Reed Solomon;BAD;0,02;360570;53768;1414;38,025459688826025
Reed Solomon;BAD;0,02;360570;53956;1414;38,15841584158416
Reed Solomon;BAD;0,02;360570;53670;1414;37,95615275813296
Reed Solomon;BAD;0,02;360570;53618;1414;37,91937765205092
Reed Solomon;BAD;0,02;360570;53861;1414;38,091230551626595
Reed Solomon;BAD;0,02;360570;53922;1414;38,134370579915135
Reed Solomon;BAD;0,02;360570;54158;1414;38,301272984441304
Reed Solomon;BAD;0,02;360570;53957;1414;38,15912305516266
Reed Solomon;BAD;0,02;360570;53830;1414;38,06930693069307
Reed Solomon;BAD;0,02;360570;53763;1414;38,02192362093352
Reed Solomon;BAD;0,02;360570;53857;1414;38,08840169731259
Reed Solomon;BAD;0,02;360570;53864;1414;38,09335219236209
Reed Solomon;BAD;0,02;360570;53652;1414;37,94342291371994
Reed Solomon;BAD;0,02;360570;53937;1414;38,14497878359264
Reed Solomon;BAD;0,02;360570;53716;1414;37,988684582743986
Reed Solomon;BAD;0,02;360570;53574;1414;37,88826025459689
Reed Solomon;BAD;0,02;360570;54076;1414;38,243281471004245
Reed Solomon;BAD;0,02;360570;54022;1414;38,205091937765204
Reed Solomon;BAD;0,02;360570;53310;1414;37,7015558698727
Reed Solomon;BAD;0,02;360570;54319;1414;38,41513437057991
Reed Solomon;BAD;0,02;360570;53891;1414;38,112446958981614
Reed Solomon;BAD;0,02;360570;53743;1414;38,00777934936351
Reed Solomon;BAD;0,02;360570;53478;1414;37,82036775106082
Reed Solomon;BAD;0,02;360570;53835;1414;38,07284299858557
Reed Solomon;BAD;0,02;360570;53293;1414;37,68953323903819
Reed Solomon;BAD;0,02;360570;53968;1414;38,16690240452617
Reed Solomon;BAD;0,02;360570;53045;1414;37,51414427157001
Reed Solomon;BAD;0,02;360570;53996;1414;38,18670438472419
Reed Solomon;BAD;0,02;360570;53796;1414;38,04526166902404
Reed Solomon;BAD;0,02;360570;53572;1414;37,886845827439885
Reed Solomon;BAD;0,02;360570;53976;1414;38,17256011315417
Reed Solomon;BAD;0,02;360570;53783;1414;38,03606789250354
Reed Solomon;BAD;0,02;360570;53803;1414;38,05021216407355
Reed Solomon;BAD;0,02;360570;53749;1414;38,012022630834515
Reed Solomon;BAD;0,02;360570;54251;1414;38,36704384724187
Reed Solomon;BAD;0,02;360570;53693;1414;37,97241867043847
Reed Solomon;BAD;0,02;360570;53812;1414;38,05657708628006
Reed Solomon;BAD;0,02;360570;53552;1414;37,872701555869874
Reed Solomon;BAD;0,02;360570;53302;1414;37,6958981612447
Reed Solomon;BAD;0,02;360570;54061;1414;38,23267326732673
Reed Solomon;BAD;0,02;360570;53694;1414;37,97312588401697
Reed Solomon;BAD;0,02;360570;53729;1414;37,9978783592645
Reed Solomon;BAD;0,02;360570;53539;1414;37,86350777934936
Reed Solomon;BAD;0,02;360570;53882;1414;38,106082036775106
Reed Solomon;BAD;0,02;360570;54010;1414;38,1966053748232
Reed Solomon;BAD;0,02;360570;53455;1414;37,8041018387553
Reed Solomon;BAD;0,02;360570;53707;1414;37,982319660537485
Reed Solomon;BAD;0,02;360570;53613;1414;37,915841584158414
Reed Solomon;BAD;0,02;360570;53515;1414;37,84653465346535
Reed Solomon;BAD;0,02;360570;54022;1414;38,205091937765204
Reed Solomon;BAD;0,02;360570;53980;1414;38,17538896746817
Reed Solomon;BAD;0,02;360570;53631;1414;37,92857142857143
Reed Solomon;BAD;0,02;360570;53795;1414;38,04455445544554
Reed Solomon;BAD;0,02;360570;53605;1414;37,91018387553041
Reed Solomon;BAD;0,02;360570;54191;1414;38,32461103253183
Reed Solomon;BAD;0,02;360570;53932;1414;38,141442715700144
Reed Solomon;BAD;0,02;360570;53508;1414;37,84158415841584
Reed Solomon;GOOD;0,0003;382245;900;1499;0,600400266844563
Reed Solomon;GOOD;0,0003;382245;883;1499;0,5890593729152769
Reed Solomon;GOOD;0,0003;382245;890;1499;0,5937291527685123
Reed Solomon;GOOD;0,0003;382245;863;1499;0,5757171447631755
Reed Solomon;GOOD;0,0003;382245;894;1499;0,5963975983989326
Reed Solomon;GOOD;0,0003;382245;906;1499;0,6044029352901935
Reed Solomon;GOOD;0,0003;382245;906;1499;0,6044029352901935
Reed Solomon;GOOD;0,0003;382245;886;1499;0,5910607071380921
Reed Solomon;GOOD;0,0003;382245;888;1499;0,5923949299533022
Reed Solomon;GOOD;0,0003;382245;931;1499;0,6210807204803203
Reed Solomon;GOOD;0,0003;382245;862;1499;0,5750500333555704
Reed Solomon;GOOD;0,0003;382245;977;1499;0,6517678452301534
Reed Solomon;GOOD;0,0003;382245;955;1499;0,6370913942628419
Reed Solomon;GOOD;0,0003;382245;917;1499;0,6117411607738492
Reed Solomon;GOOD;0,0003;382245;938;1499;0,6257505003335557
Reed Solomon;GOOD;0,0003;382245;945;1499;0,6304202801867912
Reed Solomon;GOOD;0,0003;382245;912;1499;0,6084056037358239
Reed Solomon;GOOD;0,0003;382245;924;1499;0,6164109406270847
Reed Solomon;GOOD;0,0003;382245;957;1499;0,638425617078052
Reed Solomon;GOOD;0,0003;382245;990;1499;0,6604402935290193
Reed Solomon;GOOD;0,0003;382245;890;1499;0,5937291527685123
Reed Solomon;GOOD;0,0003;382245;895;1499;0,5970647098065377
Reed Solomon;GOOD;0,0003;382245;933;1499;0,6224149432955304
Reed Solomon;GOOD;0,0003;382245;938;1499;0,6257505003335557
Reed Solomon;GOOD;0,0003;382245;927;1499;0,6184122748498999
Reed Solomon;GOOD;0,0003;382245;982;1499;0,6551034022681788
Reed Solomon;GOOD;0,0003;382245;908;1499;0,6057371581054036
Reed Solomon;GOOD;0,0003;382245;920;1499;0,6137424949966644
Reed Solomon;GOOD;0,0003;382245;870;1499;0,580386924616411
Reed Solomon;GOOD;0,0003;382245;889;1499;0,5930620413609072
Reed Solomon;GOOD;0,0003;382245;909;1499;0,6064042695130086
Reed Solomon;GOOD;0,0003;382245;935;1499;0,6237491661107405
Reed Solomon;GOOD;0,0003;382245;855;1499;0,5703802535023349
Reed Solomon;GOOD;0,0003;382245;926;1499;0,6177451634422949
Reed Solomon;GOOD;0,0003;382245;943;1499;0,6290860573715811
Reed Solomon;GOOD;0,0003;382245;891;1499;0,5943962641761175
Reed Solomon;GOOD;0,0003;382245;922;1499;0,6150767178118746
Reed Solomon;GOOD;0,0003;382245;951;1499;0,6344229486324217
Reed Solomon;GOOD;0,0003;382245;898;1499;0,5990660440293529
Reed Solomon;GOOD;0,0003;382245;893;1499;0,5957304869913276
Reed Solomon;GOOD;0,0003;382245;900;1499;0,600400266844563
Reed Solomon;GOOD;0,0003;382245;858;1499;0,5723815877251501
Reed Solomon;GOOD;0,0003;382245;895;1499;0,5970647098065377
Reed Solomon;GOOD;0,0003;382245;897;1499;0,5983989326217478
Reed Solomon;GOOD;0,0003;382245;941;1499;0,627751834556371
Reed Solomon;GOOD;0,0003;382245;944;1499;0,6297531687791861
Reed Solomon;GOOD;0,0003;382245;874;1499;0,5830553702468312
Reed Solomon;GOOD;0,0003;382245;917;1499;0,6117411607738492
Reed Solomon;GOOD;0,0003;382245;910;1499;0,6070713809206137
Reed Solomon;GOOD;0,0003;382245;886;1499;0,5910607071380921
Reed Solomon;GOOD;0,0003;382245;1000;1499;0,66711140760507
Reed Solomon;GOOD;0,0003;382245;939;1499;0,6264176117411607
Reed Solomon;GOOD;0,0003;382245;952;1499;0,6350900600400267
Reed Solomon;GOOD;0,0003;382245;916;1499;0,6110740493662442
Reed Solomon;GOOD;0,0003;382245;894;1499;0,5963975983989326
Reed Solomon;GOOD;0,0003;382245;902;1499;0,6017344896597732
Reed Solomon;GOOD;0,0003;382245;910;1499;0,6070713809206137
Reed Solomon;GOOD;0,0003;382245;920;1499;0,6137424949966644
Reed Solomon;GOOD;0,0003;382245;947;1499;0,6317545030020013
Reed Solomon;GOOD;0,0003;382245;957;1499;0,638425617078052
Reed Solomon;GOOD;0,0003;382245;929;1499;0,61974649766511
Reed Solomon;GOOD;0,0003;382245;930;1499;0,6204136090727151
Reed Solomon;GOOD;0,0003;382245;906;1499;0,6044029352901935
Reed Solomon;GOOD;0,0003;382245;882;1499;0,5883922615076718
Reed Solomon;GOOD;0,0003;382245;930;1499;0,6204136090727151
Reed Solomon;GOOD;0,0003;382245;877;1499;0,5850567044696464
Reed Solomon;GOOD;0,0003;382245;899;1499;0,5997331554369579
Reed Solomon;GOOD;0,0003;382245;931;1499;0,6210807204803203
Reed Solomon;GOOD;0,0003;382245;905;1499;0,6037358238825884
Reed Solomon;GOOD;0,0003;382245;886;1499;0,5910607071380921
Reed Solomon;GOOD;0,0003;382245;908;1499;0,6057371581054036
Reed Solomon;GOOD;0,0003;382245;920;1499;0,6137424949966644
Reed Solomon;GOOD;0,0003;382245;891;1499;0,5943962641761175
Reed Solomon;GOOD;0,0003;382245;908;1499;0,6057371581054036
Reed Solomon;GOOD;0,0003;382245;945;1499;0,6304202801867912
Reed Solomon;GOOD;0,0003;382245;920;1499;0,6137424949966644
Reed Solomon;GOOD;0,0003;382245;987;1499;0,6584389593062041
Reed Solomon;GOOD;0,0003;382245;892;1499;0,5950633755837225
Reed Solomon;GOOD;0,0003;382245;903;1499;0,6024016010673783
Reed Solomon;GOOD;0,0003;382245;904;1499;0,6030687124749833
Reed Solomon;GOOD;0,0003;382245;934;1499;0,6230820547031354
Reed Solomon;GOOD;0,0003;382245;863;1499;0,5757171447631755
Reed Solomon;GOOD;0,0003;382245;926;1499;0,6177451634422949
Reed Solomon;GOOD;0,0003;382245;893;1499;0,5957304869913276
Reed Solomon;GOOD;0,0003;382245;872;1499;0,5817211474316211
Reed Solomon;GOOD;0,0003;382245;928;1499;0,619079386257505
Reed Solomon;GOOD;0,0003;382245;911;1499;0,6077384923282189
Reed Solomon;GOOD;0,0003;382245;903;1499;0,6024016010673783
Reed Solomon;GOOD;0,0003;382245;848;1499;0,5657104736490994
Reed Solomon;GOOD;0,0003;382245;852;1499;0,5683789192795197
Reed Solomon;GOOD;0,0003;382245;867;1499;0,5783855903935957
Reed Solomon;GOOD;0,0003;382245;942;1499;0,628418945963976
Reed Solomon;GOOD;0,0003;382245;943;1499;0,6290860573715811
Reed Solomon;GOOD;0,0003;382245;938;1499;0,6257505003335557
Reed Solomon;GOOD;0,0003;382245;909;1499;0,6064042695130086
Reed Solomon;GOOD;0,0003;382245;924;1499;0,6164109406270847
Reed Solomon;GOOD;0,0003;382245;938;1499;0,6257505003335557
Reed Solomon;GOOD;0,0003;382245;904;1499;0,6030687124749833
Reed Solomon;GOOD;0,0003;382245;920;1499;0,6137424949966644
Reed Solomon;GOOD;0,0003;382245;914;1499;0,609739826551034
Reed Solomon;MEDIUM;0,002;382245;6140;1499;4,09606404269513
Reed Solomon;MEDIUM;0,002;382245;6049;1499;4,035356904603069
Reed Solomon;MEDIUM;0,002;382245;6060;1499;4,042695130086725
Reed Solomon;MEDIUM;0,002;382245;6188;1499;4,128085390260173
Reed Solomon;MEDIUM;0,002;382245;6167;1499;4,114076050700467
Reed Solomon;MEDIUM;0,002;382245;6017;1499;4,014009339559706
Reed Solomon;MEDIUM;0,002;382245;6084;1499;4,0587058038692465
Reed Solomon;MEDIUM;0,002;382245;6100;1499;4,0693795863909275
Reed Solomon;MEDIUM;0,002;382245;5943;1499;3,9646430953969314
Reed Solomon;MEDIUM;0,002;382245;6121;1499;4,083388925950634
Reed Solomon;MEDIUM;0,002;382245;6117;1499;4,080720480320213
Reed Solomon;MEDIUM;0,002;382245;6018;1499;4,014676450967311
Reed Solomon;MEDIUM;0,002;382245;6164;1499;4,112074716477652
Reed Solomon;MEDIUM;0,002;382245;6120;1499;4,082721814543029
Reed Solomon;MEDIUM;0,002;382245;6090;1499;4,062708472314877
Reed Solomon;MEDIUM;0,002;382245;6085;1499;4,059372915276851
Reed Solomon;MEDIUM;0,002;382245;5944;1499;3,9653102068045363
Reed Solomon;MEDIUM;0,002;382245;5993;1499;3,997998665777185
Reed Solomon;MEDIUM;0,002;382245;5990;1499;3,9959973315543698
Reed Solomon;MEDIUM;0,002;382245;6072;1499;4,050700466977985
Reed Solomon;MEDIUM;0,002;382245;5996;1499;4,0
Reed Solomon;MEDIUM;0,002;382245;6094;1499;4,065376917945297
Reed Solomon;MEDIUM;0,002;382245;5995;1499;3,999332888592395
Reed Solomon;MEDIUM;0,002;382245;6235;1499;4,159439626417612
Reed Solomon;MEDIUM;0,002;382245;5961;1499;3,9766511007338226
Reed Solomon;MEDIUM;0,002;382245;6046;1499;4,0333555703802535
Reed Solomon;MEDIUM;0,002;382245;6102;1499;4,070713809206137
Reed Solomon;MEDIUM;0,002;382245;5960;1499;3,9759839893262177
Reed Solomon;MEDIUM;0,002;382245;6127;1499;4,087391594396264
Reed Solomon;MEDIUM;0,002;382245;6014;1499;4,012008005336892
Reed Solomon;MEDIUM;0,002;382245;6066;1499;4,046697798532355
Reed Solomon;MEDIUM;0,002;382245;6030;1499;4,0226817878585726
Reed Solomon;MEDIUM;0,002;382245;6143;1499;4,098065376917945
Reed Solomon;MEDIUM;0,002;382245;6094;1499;4,065376917945297
Reed Solomon;MEDIUM;0,002;382245;6029;1499;4,022014676450968
Reed Solomon;MEDIUM;0,002;382245;6112;1499;4,077384923282188
Reed Solomon;MEDIUM;0,002;382245;6036;1499;4,026684456304203
Reed Solomon;MEDIUM;0,002;382245;6070;1499;4,049366244162775
Reed Solomon;MEDIUM;0,002;382245;6134;1499;4,0920613742495
Reed Solomon;MEDIUM;0,002;382245;6107;1499;4,074049366244163
Reed Solomon;MEDIUM;0,002;382245;6061;1499;4,0433622414943295
Reed Solomon;MEDIUM;0,002;382245;6108;1499;4,0747164776517675
Reed Solomon;MEDIUM;0,002;382245;6092;1499;4,0640426951300865
Reed Solomon;MEDIUM;0,002;382245;6099;1499;4,068712474983323
Reed Solomon;MEDIUM;0,002;382245;5897;1499;3,933955970647098
Reed Solomon;MEDIUM;0,002;382245;6073;1499;4,05136757838559
Reed Solomon;MEDIUM;0,002;382245;6043;1499;4,031354236157438
Reed Solomon;MEDIUM;0,002;382245;6091;1499;4,063375583722482
Reed Solomon;MEDIUM;0,002;382245;5977;1499;3,9873248832555035
Reed Solomon;MEDIUM;0,002;382245;6117;1499;4,080720480320213
Reed Solomon;MEDIUM;0,002;382245;6232;1499;4,157438292194796
Reed Solomon;MEDIUM;0,002;382245;5995;1499;3,999332888592395
Reed Solomon;MEDIUM;0,002;382245;6039;1499;4,028685790527018
Reed Solomon;MEDIUM;0,002;382245;6159;1499;4,108739159439627
Reed Solomon;MEDIUM;0,002;382245;6124;1499;4,085390260173449
Reed Solomon;MEDIUM;0,002;382245;5973;1499;3,9846564376250835
Reed Solomon;MEDIUM;0,002;382245;6034;1499;4,025350233488993
Reed Solomon;MEDIUM;0,002;382245;6065;1499;4,04603068712475
Reed Solomon;MEDIUM;0,002;382245;6216;1499;4,146764509673115
Reed Solomon;MEDIUM;0,002;382245;6153;1499;4,104736490993996
Reed Solomon;MEDIUM;0,002;382245;6131;1499;4,090060040026684
Reed Solomon;MEDIUM;0,002;382245;6219;1499;4,148765843895931
Reed Solomon;MEDIUM;0,002;382245;6098;1499;4,068045363575717
Reed Solomon;MEDIUM;0,002;382245;6021;1499;4,016677785190127
Reed Solomon;MEDIUM;0,002;382245;6067;1499;4,04736490993996
Reed Solomon;MEDIUM;0,002;382245;6123;1499;4,0847231487658435
Reed Solomon;MEDIUM;0,002;382245;6195;1499;4,132755170113409
Reed Solomon;MEDIUM;0,002;382245;6059;1499;4,04202801867912
Reed Solomon;MEDIUM;0,002;382245;6159;1499;4,108739159439627
Reed Solomon;MEDIUM;0,002;382245;6025;1499;4,019346230820547
Reed Solomon;MEDIUM;0,002;382245;6010;1499;4,009339559706471
Reed Solomon;MEDIUM;0,002;382245;6027;1499;4,020680453635757
Reed Solomon;MEDIUM;0,002;382245;6100;1499;4,0693795863909275
Reed Solomon;MEDIUM;0,002;382245;6206;1499;4,140093395597065
Reed Solomon;MEDIUM;0,002;382245;5984;1499;3,991994663108739
Reed Solomon;MEDIUM;0,002;382245;5979;1499;3,9886591060707137
Reed Solomon;MEDIUM;0,002;382245;6100;1499;4,0693795863909275
Reed Solomon;MEDIUM;0,002;382245;6096;1499;4,066711140760507
Reed Solomon;MEDIUM;0,002;382245;6129;1499;4,088725817211475
Reed Solomon;MEDIUM;0,002;382245;5985;1499;3,9926617745163444
Reed Solomon;MEDIUM;0,002;382245;6180;1499;4,122748498999333
Reed Solomon;MEDIUM;0,002;382245;6067;1499;4,04736490993996
Reed Solomon;MEDIUM;0,002;382245;6135;1499;4,092728485657105
Reed Solomon;MEDIUM;0,002;382245;6079;1499;4,055370246831221
Reed Solomon;MEDIUM;0,002;382245;6109;1499;4,075383589059373
Reed Solomon;MEDIUM;0,002;382245;6029;1499;4,022014676450968
Reed Solomon;MEDIUM;0,002;382245;5940;1499;3,9626417611741163
Reed Solomon;MEDIUM;0,002;382245;6092;1499;4,0640426951300865
Reed Solomon;MEDIUM;0,002;382245;6155;1499;4,106070713809206
Reed Solomon;MEDIUM;0,002;382245;6075;1499;4,052701801200801
Reed Solomon;MEDIUM;0,002;382245;5946;1499;3,9666444296197465
Reed Solomon;MEDIUM;0,002;382245;6074;1499;4,052034689793196
Reed Solomon;MEDIUM;0,002;382245;6058;1499;4,041360907271514
Reed Solomon;MEDIUM;0,002;382245;5991;1499;3,9966644429619747
Reed Solomon;MEDIUM;0,002;382245;6147;1499;4,100733822548365
Reed Solomon;MEDIUM;0,002;382245;6051;1499;4,036691127418279
Reed Solomon;MEDIUM;0,002;382245;6043;1499;4,031354236157438
Reed Solomon;MEDIUM;0,002;382245;5996;1499;4,0
Reed Solomon;MEDIUM;0,002;382245;6058;1499;4,041360907271514
Reed Solomon;MEDIUM;0,002;382245;6113;1499;4,078052034689793
Reed Solomon;BAD;0,02;382245;57306;1499;38,22948632421615
Reed Solomon;BAD;0,02;382245;57255;1499;38,19546364242829
Reed Solomon;BAD;0,02;382245;56965;1499;38,00200133422282
Reed Solomon;BAD;0,02;382245;57232;1499;38,18012008005337
Reed Solomon;BAD;0,02;382245;57090;1499;38,08539026017345
Reed Solomon;BAD;0,02;382245;57134;1499;38,11474316210807
Reed Solomon;BAD;0,02;382245;56655;1499;37,795196797865245
Reed Solomon;BAD;0,02;382245;57057;1499;38,06337558372248
Reed Solomon;BAD;0,02;382245;57358;1499;38,26417611741161
Reed Solomon;BAD;0,02;382245;57273;1499;38,207471647765175
Reed Solomon;BAD;0,02;382245;56849;1499;37,92461641094063
Reed Solomon;BAD;0,02;382245;57166;1499;38,136090727151434
Reed Solomon;BAD;0,02;382245;56929;1499;37,977985323549035
Reed Solomon;BAD;0,02;382245;57269;1499;38,204803202134755
Reed Solomon;BAD;0,02;382245;57053;1499;38,06070713809206
Reed Solomon;BAD;0,02;382245;57072;1499;38,07338225483656
Reed Solomon;BAD;0,02;382245;56753;1499;37,86057371581054
Reed Solomon;BAD;0,02;382245;57034;1499;38,04803202134757
Reed Solomon;BAD;0,02;382245;56574;1499;37,74116077384923
Reed Solomon;BAD;0,02;382245;56916;1499;37,96931287525017
Reed Solomon;BAD;0,02;382245;56845;1499;37,92194796531021
Reed Solomon;BAD;0,02;382245;57137;1499;38,11674449633089
Reed Solomon;BAD;0,02;382245;57361;1499;38,26617745163442
Reed Solomon;BAD;0,02;382245;56864;1499;37,934623082054706
Reed Solomon;BAD;0,02;382245;57090;1499;38,08539026017345
Reed Solomon;BAD;0,02;382245;57579;1499;38,41160773849233
Reed Solomon;BAD;0,02;382245;56778;1499;37,877251501000664
Reed Solomon;BAD;0,02;382245;57083;1499;38,08072048032022
Reed Solomon;BAD;0,02;382245;56568;1499;37,7371581054036
Reed Solomon;BAD;0,02;382245;57032;1499;38,04669779853236
Reed Solomon;BAD;0,02;382245;56784;1499;37,8812541694463
Reed Solomon;BAD;0,02;382245;57082;1499;38,08005336891261
Reed Solomon;BAD;0,02;382245;57296;1499;38,22281521014009
Reed Solomon;BAD;0,02;382245;56775;1499;37,87525016677785
Reed Solomon;BAD;0,02;382245;56484;1499;37,681120747164776
Reed Solomon;BAD;0,02;382245;57387;1499;38,283522348232154
Reed Solomon;BAD;0,02;382245;56703;1499;37,82721814543029
Reed Solomon;BAD;0,02;382245;56814;1499;37,90126751167445
Reed Solomon;BAD;0,02;382245;57270;1499;38,205470313542364
Reed Solomon;BAD;0,02;382245;56830;1499;37,91194129419613
Reed Solomon;BAD;0,02;382245;57313;1499;38,23415610406938
Reed Solomon;BAD;0,02;382245;56989;1499;38,018012008005336
Reed Solomon;BAD;0,02;382245;56903;1499;37,9606404269513
Reed Solomon;BAD;0,02;382245;57269;1499;38,204803202134755
Reed Solomon;BAD;0,02;382245;57265;1499;38,202134756504336
Reed Solomon;BAD;0,02;382245;56897;1499;37,95663775850567
Reed Solomon;BAD;0,02;382245;56942;1499;37,986657771847895
Reed Solomon;BAD;0,02;382245;56901;1499;37,95930620413609
Reed Solomon;BAD;0,02;382245;57066;1499;38,06937958639093
Reed Solomon;BAD;0,02;382245;56774;1499;37,874583055370245
Reed Solomon;BAD;0,02;382245;57359;1499;38,26484322881921
Reed Solomon;BAD;0,02;382245;56908;1499;37,96397598398933
Reed Solomon;BAD;0,02;382245;56817;1499;37,903268845897266
Reed Solomon;BAD;0,02;382245;56960;1499;37,99866577718479
Reed Solomon;BAD;0,02;382245;56993;1499;38,020680453635755
Reed Solomon;BAD;0,02;382245;56936;1499;37,982655103402266
Reed Solomon;BAD;0,02;382245;57439;1499;38,318212141427615
Reed Solomon;BAD;0,02;382245;56866;1499;37,935957304869916
Reed Solomon;BAD;0,02;382245;57430;1499;38,312208138759175
Reed Solomon;BAD;0,02;382245;56988;1499;38,017344896597734
Reed Solomon;BAD;0,02;382245;57082;1499;38,08005336891261
Reed Solomon;BAD;0,02;382245;57210;1499;38,165443629086056
Reed Solomon;BAD;0,02;382245;57164;1499;38,134756504336224
Reed Solomon;BAD;0,02;382245;57368;1499;38,27084723148766
Reed Solomon;BAD;0,02;382245;56789;1499;37,88458972648432
Reed Solomon;BAD;0,02;382245;57440;1499;38,318879252835224
Reed Solomon;BAD;0,02;382245;57440;1499;38,318879252835224
Reed Solomon;BAD;0,02;382245;57375;1499;38,275517011340895
Reed Solomon;BAD;0,02;382245;57159;1499;38,131420947298196
Reed Solomon;BAD;0,02;382245;57100;1499;38,0920613742495
Reed Solomon;BAD;0,02;382245;56846;1499;37,92261507671781
Reed Solomon;BAD;0,02;382245;57536;1499;38,38292194796531
Reed Solomon;BAD;0,02;382245;56893;1499;37,95396931287525
Reed Solomon;BAD;0,02;382245;57509;1499;38,36490993995997
Reed Solomon;BAD;0,02;382245;57124;1499;38,10807204803202
Reed Solomon;BAD;0,02;382245;57053;1499;38,06070713809206
Reed Solomon;BAD;0,02;382245;57136;1499;38,11607738492328
Reed Solomon;BAD;0,02;382245;56812;1499;37,89993328885924
Reed Solomon;BAD;0,02;382245;56739;1499;37,85123415610407
Reed Solomon;BAD;0,02;382245;57253;1499;38,19412941961308
Reed Solomon;BAD;0,02;382245;57023;1499;38,04069379586391
Reed Solomon;BAD;0,02;382245;56910;1499;37,96531020680454
Reed Solomon;BAD;0,02;382245;57143;1499;38,12074716477652
Reed Solomon;BAD;0,02;382245;57077;1499;38,07671781187458
Reed Solomon;BAD;0,02;382245;57113;1499;38,100733822548364
Reed Solomon;BAD;0,02;382245;57092;1499;38,08672448298866
Reed Solomon;BAD;0,02;382245;56971;1499;38,00600400266845
Reed Solomon;BAD;0,02;382245;57124;1499;38,10807204803202
Reed Solomon;BAD;0,02;382245;56995;1499;38,022014676450965
Reed Solomon;BAD;0,02;382245;57335;1499;38,24883255503669
Reed Solomon;BAD;0,02;382245;57258;1499;38,1974649766511
Reed Solomon;BAD;0,02;382245;57248;1499;38,19079386257505
Reed Solomon;BAD;0,02;382245;56705;1499;37,8285523682455
Reed Solomon;BAD;0,02;382245;57135;1499;38,11541027351568
Reed Solomon;BAD;0,02;382245;57274;1499;38,20813875917278
Reed Solomon;BAD;0,02;382245;57149;1499;38,12474983322215
Reed Solomon;BAD;0,02;382245;56964;1499;38,00133422281521
Reed Solomon;BAD;0,02;382245;57305;1499;38,22881921280854
Reed Solomon;BAD;0,02;382245;57509;1499;38,36490993995997
Reed Solomon;BAD;0,02;382245;56917;1499;37,96997998665777
